name,publication,star,numbers
"

    Ubuntu


    

  ","
        
  
  Aloysius, Stefanu Elias

      ",0,"
        (目前无人评价)
    "
"

    Ubuntu


    

  ","
        
  
  Figueras, Albert

      ",0,"
        (目前无人评价)
    "
"

    Ubuntu


    

  ","
        
  
  Andrew Hudson

      ",0,"
        (目前无人评价)
    "
"

    Ubuntu官方指南


    

  ","
        
  
  (美)Benjamin Mako Hill;Jono Bacon;Corey Burger;Jonathan Jesse;Ivan Krstic / 宋吉广 / 人民邮电出版社 / 2007年5月 / 39.00元

      ",7.0,"
        (124人评价)
    "
"

    Ubuntu Server最佳方案


    

  ","
        
  
  冷罡华 / 电子工业出版社 / 2009-6 / 55.00元

      ",8.0,"
        (73人评价)
    "
"

    Ubuntu Linux入门到精通


    

  ","
        
  
  李蔚泽 / 机械工业出版社 / 2007-5 / 42.00元

      ",6.2,"
        (50人评价)
    "
"

    Ubuntu Linux指南


    
       : 基础篇 
 : 基础篇 ","
        
  
  Mark G. Sobell / 杨明军 / 人民邮电出版社 / 2009 / 59.00元

      ",7.5,"
        (48人评价)
    "
"

    Ubuntu Hacks


    
       : Tips & Tools for Exploring, Using, and Tuning Linux 
 : Tips & Tools for Exploring, Using, and Tuning Linux ","
        
  
  Jonathan Oxer、Kyle Rankin、Bill Childers / O'Reilly Media / 2006-6-24 / USD 29.99

      ",7.4,"
        (20人评价)
    "
"

    完美应用Ubuntu


    
       : LAMP技术大系 
 : LAMP技术大系 ","
        
  
  Ubuntu China / 电子工业出版社 / 2008-9 / 55.00元

      ",7.2,"
        (46人评价)
    "
"

    Ubuntu标准教程


    

  ","
        
  
  王大亮//曾广平//张德政 / 人民邮电 / 2008-5 / 49.00元

      ",6.9,"
        (40人评价)
    "
"

    Ubuntu Linux指南


    
       : 管理篇 
 : 管理篇 ","
        
  
  Mark G. Sobell / 杨明军 / 人民邮电出版社 / 2009 / 59.00元

      ",7.1,"
        (19人评价)
    "
"

    完美应用Ubuntu


    

  ","
        
  
  2010-10 / 60.00元

      ",7.1,"
        (38人评价)
    "
"

    深入解析Ubuntu操作系统


    

  ","
        
  
  赫达逊 / 清华大学出版社 / 2008-6 / 98.00元

      ",7.3,"
        (24人评价)
    "
"

    Ubuntu权威指南


    

  ","
        
  
  2010-1 / 69.00元

      ",7.3,"
        (24人评价)
    "
"

    Ubuntu Linux从入门到精通


    

  ","
        
  
  郝玲、李晓 / 科学出版社 / 2009-1 / 59.00元

      ",6.6,"
        (22人评价)
    "
"

    Ubuntu Pocket Guide and Reference


    
       : A Concise Companion for Day-To-Day Ubuntu Use 
 : A Concise Companion for Day-To-Day Ubuntu Use ","
        
  
  Keir Thomas / MacFreda Publishing / 2009-01-19 / USD 12.99

      ",6.6,"
        (19人评价)
    "
"

    Ubuntu Linux Toolbox: 1000+ Commands for Ubuntu and Debian Power Users


    

  ","
        
  
  Christopher Negus / John Wiley & Sons / 2007-10 / 180.00元

      ",0,"
        (少于10人评价)
    "
"

    The Official Ubuntu Book


    

  ","
        
  
  Benjamin Mako Hill、Jono Bacon、Corey Burger、Jonathan Jesse、Ivan Krstic / Prentice Hall / 2006-08-21 / USD 39.99

      ",0,"
        (少于10人评价)
    "
"

    Ubuntu Kung Fu


    
       : Tips, Tricks, Hints, and Hacks 
 : Tips, Tricks, Hints, and Hacks ","
        
  
  Keir Thomas / Pragmatic Bookshelf / September 28, 2008 / $23.07

      ",7.2,"
        (12人评价)
    "
"

    Beginning Ubuntu Linux


    
       : From Novice to Professional 
 : From Novice to Professional ","
        
  
  Keir Thomas / Apress / 2006-03-15 / USD 39.99

      ",0,"
        (少于10人评价)
    "
"

    A Practical Guide to Ubuntu Linux(R)


    

  ","
        
  
  Mark G. Sobell / Prentice Hall PTR / 2007-12-28 / USD 49.99

      ",0,"
        (少于10人评价)
    "
"

    Ubuntu Linux全方位学习


    

  ","
        
  
  李蔚泽 / 2008-10 / 58.00元

      ",7.1,"
        (12人评价)
    "
"

    Ubuntu Linux Bible


    

  ","
        
  
  William von Hagen / Wiley / 2007-01-03 / 361.00元

      ",0,"
        (少于10人评价)
    "
"

    Ubuntu Linux从初学到精通


    

  ","
        
  
  潘光洋 / 电子工业出版社 / 2011-4 / 59.00元

      ",7.0,"
        (13人评价)
    "
"

    Beginning Ubuntu Linux


    

  ","
        
  
  Keir Thomas / Apress / March 30, 2007 / $39.99

      ",0,"
        (少于10人评价)
    "
"

    Ubuntu Linux 从入门到精通


    

  ","
        
  
  邢国庆    仇鹏涛    陈极B / 电子工业出版社 / 2010-7 / 64.00元

      ",0,"
        (少于10人评价)
    "
"

    Ubuntu完全手册


    

  ","
        
  
  佩德森 / 龙继文 / 2009-9 / 59.00元

      ",0,"
        (少于10人评价)
    "
"

    Ubuntu实战技巧精粹


    

  ","
        
  
  何晓龙 / 2009-5 / 45.00元

      ",6.7,"
        (10人评价)
    "
"

    Ubuntu自由WX (新版 EZGO7)


    

  ","
        
  
  ~志 / 大青蛙Y出版社 / 2008-3

      ",0,"
        (目前无人评价)
    "
"

    Ubuntu Unleashed (Unleashed)


    

  ","
        
  
  Andrew Hudson、Paul Hudson / Sams / 2006-06-30 / USD 49.99

      ",0,"
        (少于10人评价)
    "
"

    Ubuntu Server 最佳方案（第2版）


    

  ","
        
  
  冷罡华（Hiweed） / 电子工业出版社 / 2014-9 / 65.00元

      ",0,"
        (少于10人评价)
    "
"

    Beginning Ubuntu Linux, Fourth Edition


    

  ","
        
  
  Keir Thomas、Jaime Sicam、Andy Channelle / Apress / 2009-08-27 / USD 39.99

      ",0,"
        (少于10人评价)
    "
"

    Official Ubuntu Server Book, The (2nd Edition)


    

  ","
        
  
  Kyle Rankin、Benjamin Mako Hill / Prentice Hall / 2010-08-18 / USD 39.99

      ",0,"
        (少于10人评价)
    "
"

    Linux Ubuntu系统管理、桌面办公应用及服务器配置从入门到精通


    

  ","
        
  
  2011-8 / 59.00元

      ",0,"
        (少于10人评价)
    "
"

    Ubuntu Linux for Non-Geeks


    
       : A Pain-Free, Project-Based, Get-Things-Done Guidebook 
 : A Pain-Free, Project-Based, Get-Things-Done Guidebook ","
        
  
  Rickford Grant / No Starch Press / 2006-08-20 / USD 34.95

      ",0,"
        (少于10人评价)
    "
"

    Ubuntu Linux完全自学教程


    

  ","
        
  
  力行工作室 / 2009-6 / 48.00元

      ",0,"
        (少于10人评价)
    "
"

    Ubuntu Linux从入门到精通


    

  ","
        
  
  丰士昌 / 中国铁道出版社 / 2010-9 / 59.00元

      ",0,"
        (少于10人评价)
    "
"

    Ubuntu Linux轻松入门


    

  ","
        
  
  朱维刚、等 / 化学工业出版社 / 2010-7-1 / 45.00元

      ",0,"
        (少于10人评价)
    "
"

    次世代Linux－Ubuntu玩全手


    

  ","
",0,"
        (目前无人评价)
    "
"

    Ubuntu


    
       : Up and Running: A Power User's Desktop Guide 
 : Up and Running: A Power User's Desktop Guide ","
        
  
  Robin Nixon / O'Reilly Media / 2010-4-27 / USD 44.99

      ",0,"
        (少于10人评价)
    "
"

    Hacking Ubuntu


    
       : Serious Hacks Mods and Customizations (ExtremeTech) 
 : Serious Hacks Mods and Customizations (ExtremeTech) ","
        
  
  Neal Krawetz / John Wiley & Sons / 2007 / USD 29.99

      ",0,"
        (少于10人评价)
    "
"

    Ubuntu


    
       : The Complete Reference 
 : The Complete Reference ","
        
  
  Petersen, Richard / 2008-9 / $ 56.49

      ",0,"
        (少于10人评价)
    "
"

    Beginning Ubuntu Linux, Third Edition (Beginning from Novice to Professional)


    

  ","
        
  
  Keir Thomas、Jaime Sicam / Apress / 2008-06-24 / USD 39.99

      ",0,"
        (少于10人评价)
    "
"

    Beginning Ubuntu Server Administration


    
       : From Novice to Professional (Expert's Voice) 
 : From Novice to Professional (Expert's Voice) ","
        
  
  Sander van Vugt / Apress / 2007-12-14 / USD 39.99

      ",0,"
        (少于10人评价)
    "
"

    Ubuntu Made Easy


    
       : A Project-Based Introduction to Linux 
 : A Project-Based Introduction to Linux ","
        
  
  Rickford Grant、Phil Bull / No Starch Press / 2012-8-2 / USD 34.95

      ",0,"
        (少于10人评价)
    "
"

    Beginning Ubuntu Linux


    

  ","
        
  
  Emilio Raggi / 2010-10 / $ 45.19

      ",0,"
        (少于10人评价)
    "
"

    Moving to Ubuntu Linux


    

  ","
        
  
  Marcel Gagné / Addison-Wesley Professional / 2006-07-21 / USD 34.99

      ",0,"
        (少于10人评价)
    "
"

    Ubuntu Linux从入门到精通


    

  ","
        
  
  陶松、刘雍、韩海玲、周洪林 / 人民邮电出版社 / 2014-3-1 / CNY 49.00

      ",0,"
        (少于10人评价)
    "
"

    Ubuntu


    
       : Seeing Oneself Through the Eyes of Others 
 : Seeing Oneself Through the Eyes of Others ","
        
  
  Charlie Clemons / Protea Publishing Company / 2000-12 / USD 28.00

      ",0,"
        (少于10人评价)
    "
"

    Ubuntu


    
       : Powerful Hacks and Customizations 
 : Powerful Hacks and Customizations ","
        
  
  Neal Krawetz / Wiley / 2010-04-19 / USD 39.99

      ",0,"
        (少于10人评价)
    "
"

    Practical Guide to Ubuntu Linux (Version 10.4), A (3rd Edition)


    

  ","
        
  
  Mark G. Sobell / Prentice Hall / 2010-07-26 / USD 49.99

      ",0,"
        (少于10人评价)
    "
"

    Beginning Ubuntu Linux


    

  ","
        
  
  Raggi, Emilio; Thomas, Keir; Van Vugt, Sander / 2011-10 / $ 45.19

      ",0,"
        (少于10人评价)
    "
"

    Ubuntu for Non-Geeks


    
       : A Pain-Free, Project-Based, Get-Things-Done Guide 
 : A Pain-Free, Project-Based, Get-Things-Done Guide ","
        
  
  Grant, Rickford; Bull, Phil; / 2010-7 / $ 39.49

      ",0,"
        (目前无人评价)
    "
"

    The Official Ubuntu Book


    

  ","
        
  
  Hill, Benjamin Mako; Helmke, Matthew; Burger, Corey / 2010-6 / 265.00元

      ",0,"
        (少于10人评价)
    "
"

    Simple comme Ubuntu


    
       : à la découverte de Linux, Version 8.10 Intrepid Ibex 
 : à la découverte de Linux, Version 8.10 Intrepid Ibex ","
        
  
  Didier ROCHE / In Libro Veritas / 2008 / 15 euros

      ",0,"
        (目前无人评价)
    "
"

    Ubuntu Unleashed 2008 Edition


    
       : Covering 8.04 and 8.10 (4th Edition) 
 : Covering 8.04 and 8.10 (4th Edition) ","
        
  
  Andrew Hudson、Paul Hudson / Sams / 2008-07-20 / USD 49.99

      ",0,"
        (少于10人评价)
    "
"

    Ubuntu 9.10 Server Guide


    

  ","
        
  
  Ubuntu Documentation Project / Fultus Corporation / 2009-11-11 / USD 29.99

      ",0,"
        (少于10人评价)
    "
"

    Ubuntu 10.04 LTS Desktop Handbook


    

  ","
        
  
  Petersen, Richard / 2010-4 / $ 42.94

      ",0,"
        (目前无人评价)
    "
"

    Ubuntu


    

  ","
        
  
  Siobhan Loftus / Quartet Books Ltd / 2002-04-25 / USD 20.63

      ",0,"
        (少于10人评价)
    "
"

    Ubuntu Linux Secrets


    

  ","
        
  
  Richard Blum / Wiley / 2009-4-13 / USD 54.99

      ",0,"
        (目前无人评价)
    "
"

    Official Ubuntu Book, The (3rd Edition)


    

  ","
        
  
  Benjamin Mako Hill、Corey Burger、Jonathan Jesse、Jono Bacon / Prentice Hall PTR / 2008-06-30 / USD 34.99

      ",0,"
        (少于10人评价)
    "
"

    Ubuntu Linux


    
       : Your visual blueprint to using the Linux operating system 
 : Your visual blueprint to using the Linux operating system ","
        
  
  Ric Shreves / Visual / 2009-3-30 / USD 29.99

      ",0,"
        (少于10人评价)
    "
"

    Mastering Ubuntu Server


    
       : Get up to date with the finer points of Ubuntu Server using this comprehensive guide 
 : Get up to date with the finer points of Ubuntu Server using this comprehensive guide ","
        
  
  Jay LaCroix / Packt Publishing / 2016-7-27 / USD 49.99

      ",0,"
        (少于10人评价)
    "
"

    Official Ubuntu Book


    

  ","
        
  
  Hill, Benjamin Mako; Burger, Corey; Helmke, Matthew / 2009-7 / $ 39.54

      ",0,"
        (少于10人评价)
    "
"

    Official Ubuntu Book, The


    

  ","
        
  
  Benjamin Hill、Matthew Helmke、Amber Graner、Corey Burger / Prentice Hall / 2011-6-20 / USD 39.99

      ",0,"
        (少于10人评价)
    "
"

    Ubuntu 11.10 Server


    

  ","
        
  
  Petersen, Richard / 2011-10 / $ 45.20

      ",0,"
        (少于10人评价)
    "
"

    Ubuntu Unleashed 2011 Edition


    

  ","
        
  
  Helmke, Matthew; Hudson, Andrew; Hudson, Paul / 2010-12 / 380.00元

      ",0,"
        (目前无人评价)
    "
"

    The Official Ubuntu Book


    

  ","
        
  
  Benjamin Mako Hill

      ",0,"
        (少于10人评价)
    "
"

    Ubuntu Linux Bible


    

  ","
        
  
  Von Hagen, William / 2010-6 / 361.00元

      ",0,"
        (少于10人评价)
    "
"

    Ubuntu for Non-Geeks, 2nd Edition


    
       : A Pain-Free, Project-Based, Get-Things-Done Guidebook 
 : A Pain-Free, Project-Based, Get-Things-Done Guidebook ","
        
  
  Rickford Grant / No Starch Press / 2007-06-15 / USD 34.95

      ",0,"
        (目前无人评价)
    "
"

    Ubuntu Unleashed


    

  ","
        
  
  Hudson, Andrew/ Hudson, Paul / Macmillan Computer Pub / 2007-6 / $ 56.49

      ",0,"
        (少于10人评价)
    "
"

    Ubuntu Server Administration


    

  ","
        
  
  Michael Jang / McGraw-Hill Osborne Media / 2008-11-17 / USD 49.99

      ",0,"
        (少于10人评价)
    "
"

    Ubuntu!


    
       : An Inspiring Story About an African Tradition of Teamwork and Collaboration 
 : An Inspiring Story About an African Tradition of Teamwork and Collaboration ","
        
  
  Bob Nelson、Stephen Lundin / Crown Business / 2010-3 / USD 19.99

      ",0,"
        (少于10人评价)
    "
"

    Ubuntu 9.10 Desktop Handbook


    

  ","
        
  
  Richard Leland Petersen / surfing turtle press / 2009-11-12 / USD 38.00

      ",0,"
        (目前无人评价)
    "
"

    Beginning Ubuntu LTS Server Administration


    
       : From Novice to Professional, Second Edition (Expert's Voice in Linux) 
 : From Novice to Professional, Second Edition (Expert's Voice in Linux) ","
        
  
  Sander van Vugt / Apress / 2008-09-16 / USD 39.99

      ",0,"
        (目前无人评价)
    "
"

    Official Ubuntu Book, The (4th Edition)


    

  ","
        
  
  Benjamin Mako Hill、Matthew Helmke、Corey Burger / Prentice Hall / 2009-07-09 / USD 34.99

      ",0,"
        (少于10人评价)
    "
"

    Professional Ubuntu Mobile Development


    

  ","
        
  
  Belem, Rodrigo Cesar Lopes / 2009-11 / 434.00元

      ",0,"
        (目前无人评价)
    "
"

    Ubuntu Unleashed 2015 Edition


    
       : Covering 14.10 and 15.04, Tenth Edition 
 : Covering 14.10 and 15.04, Tenth Edition ","
        
  
  Matthew Helmke / Sams Publishing / 2014-11-21 / USD 54.99

      ",0,"
        (目前无人评价)
    "
"

    A Practical Guide to Ubuntu Linux


    
       : Fourth Edition 
 : Fourth Edition ","
        
  
  Mark G. Sobell / Prentice Hall / 2014-12-23 / CAD 68.99

      ",0,"
        (少于10人评价)
    "
"

    Troubleshooting Ubuntu Server


    
       : Make life at the office easier for server administrators by helping them build resilient Ubuntu  
 : Make life at the office easier for server administrators by helping them build resilient Ubuntu  ","
        
  
  Skanda Bhargav / Packt Publishing / 2015-10-1 / USD 44.99

      ",0,"
        (少于10人评价)
    "
"

    Ubuntu Server Cookbook


    
       : Arm yourself to make the most of the versatile, powerful Ubuntu Server with over 100 hands-on re 
 : Arm yourself to make the most of the versatile, powerful Ubuntu Server with over 100 hands-on re ","
        
  
  Uday R. Sawant / Packt Publishing / 2016-6-30 / USD 49.99

      ",0,"
        (少于10人评价)
    "
"

    Ubuntu Linux基础教程


    

  ","
        
  
  王宏勇 / 清华大学出版社 / 2015-11 / 44.50

      ",0,"
        (目前无人评价)
    "
"

    The Official Ubuntu Server Book


    

  ","
        
  
  Kyle Rankin、Benjamin Mako Hill / Prentice Hall / 2013-8-4 / CAD 46.99

      ",0,"
        (目前无人评价)
    "
"

    Ubuntu Certified Professional


    

  ","
        
  
  Surhone, Lambert M.; Timpledon, Miriam T.; Marseken, Susan F.

      ",0,"
        (目前无人评价)
    "
"

    Ubuntu User


    

  ","
        
  
  Surhone, Lambert M.; Timpledon, Miriam T.; Marseken, Susan F.

      ",0,"
        (目前无人评价)
    "
"

    Ubuntu-Restricted-Extras


    

  ","
        
  
  Surhone, Lambert M.; Timpledon, Miriam T.; Marseken, Susan F.

      ",0,"
        (目前无人评价)
    "
"

    Dell Ubuntu Netbook Remix


    

  ","
        
  
  Surhone, Lambert M.; Timpledon, Miriam T.; Marseken, Susan F.

      ",0,"
        (目前无人评价)
    "
"

    Ubuntu Jeos


    

  ","
        
  
  Surhone, Lambert M.; Timpledon, Miriam T.; Marseken, Susan F.

      ",0,"
        (目前无人评价)
    "
"

    Ubuntu Minimal Desktop


    

  ","
        
  
  Surhone, Lambert M.; Timpledon, Miriam T.; Marseken, Susan F.

      ",0,"
        (目前无人评价)
    "
"

    Ubuntu Mobile


    

  ","
        
  
  Surhone, Lambert M.; Timpledon, Miriam T.; Marseken, Susan F.

      ",0,"
        (目前无人评价)
    "
"

    Ubuntu One


    

  ","
        
  
  Surhone, Lambert M.; Timpledon, Miriam T.; Marseken, Susan F.

      ",0,"
        (目前无人评价)
    "
"

    Ubuntu


    

  ","
        
  
  Miller, Frederic P.; Vandome, Agnes F.; McBrewster, John

      ",0,"
        (目前无人评价)
    "
"

    Ubuntu


    

  ","
        
  
  Miller, Frederic P.; Vandome, Agnes F.; McBrewster, John

      ",0,"
        (目前无人评价)
    "
"

    Ubuntu Transformational Approach


    

  ","
        
  
  Theletsane, Kula Ishmael

      ",0,"
        (目前无人评价)
    "
"

    Ubuntu GNU/Linux


    

  ","
        
  
  Marcus Fischer

      ",0,"
        (目前无人评价)
    "
"

    Ubuntu


    

  ","
        
  
  Russell, Jesse; Cohn, Ronald;

      ",0,"
        (目前无人评价)
    "
"

    Ubuntu


    

  ","
        
  
  Russell, Jesse; Cohn, Ronald;

      ",0,"
        (目前无人评价)
    "
"

    UBUNTU


    

  ","
        
  
  BOOK ON DEMAND POD

      ",0,"
        (目前无人评价)
    "
"

    UBUNTU ONE


    

  ","
        
  
  BOOK ON DEMAND POD

      ",0,"
        (目前无人评价)
    "
"

    UBUNTU USER


    

  ","
        
  
  BOOK ON DEMAND POD

      ",0,"
        (目前无人评价)
    "
"

    UBUNTU CERTIFIED PROFESSIONAL


    

  ","
        
  
  BOOK ON DEMAND POD

      ",0,"
        (目前无人评价)
    "
"

    DELL UBUNTU NETBOOK REMIX


    

  ","
        
  
  BOOK ON DEMAND POD

      ",0,"
        (目前无人评价)
    "
"

    UBUNTU MOBILE


    

  ","
        
  
  BOOK ON DEMAND POD

      ",0,"
        (目前无人评价)
    "
"

    Ubuntu Jeos


    

  ","
        
  
  Russell, Jesse; Cohn, Ronald; / Book on Demand Ltd.

      ",0,"
        (目前无人评价)
    "
"

    Minimal Desktop for Ubuntu


    

  ","
        
  
  Russell, Jesse; Cohn, Ronald; / Book on Demand Ltd.

      ",0,"
        (目前无人评价)
    "
"

    Ubuntu Live USB Creator


    

  ","
        
  
  Surhone, Lambert M.; Tennoe, Mariam T.; Henssonow, Susan F.

      ",0,"
        (目前无人评价)
    "
"

    Ubuntu Burning


    

  ","
        
  
  Tagarira, Tendai Frank

      ",0,"
        (目前无人评价)
    "
"

    The Ubuntu Handbook - The How to on Ubuntu, Complete Expert's Hints and Tips Guide by the Leading Experts, Everything You Need to Know about Ubuntu


    

  ","
        
  
  Bell, Dan

      ",0,"
        (目前无人评价)
    "
"

    Understanding Organizational Leadership Through Ubuntu


    

  ","
        
  
  Malunga, Chiku

      ",0,"
        (目前无人评价)
    "
"

    Understanding Organizational Leadership Through Ubuntu


    

  ","
        
  
  Malunga, Chiku

      ",0,"
        (目前无人评价)
    "
"

    Ubuntu 12.04 Desktop


    

  ","
        
  
  Petersen, Richard

      ",0,"
        (目前无人评价)
    "
"

    Jesus and Ubuntu Exploring the Social Impact of Christianity and Africa


    

  ","
        
  
  Ntarangwi, Mwenda

      ",0,"
        (目前无人评价)
    "
"

    The Ubuntu God


    

  ","
        
  
  Paul, Samuel A.

      ",0,"
        (目前无人评价)
    "
"

    Ubuntu 9.04 Installation Guide


    

  ","
        
  
  Ubuntu Documentation Project

      ",0,"
        (目前无人评价)
    "
"

    Ubuntu 9.04 Packaging Guide


    

  ","
        
  
  Ubuntu Documentation Project

      ",0,"
        (目前无人评价)
    "
"

    Ubuntu 9.04 Server Guide


    

  ","
        
  
  Ubuntu Documentation Project

      ",0,"
        (目前无人评价)
    "
"

    Ubuntu 9.10 Installation Guide


    

  ","
        
  
  Ubuntu Documentation Project

      ",0,"
        (目前无人评价)
    "
"

    Ubuntu 9.10 Packaging Guide


    

  ","
        
  
  Ubuntu Documentation Project

      ",0,"
        (目前无人评价)
    "
"

    Ubuntu 10.04 Lts Installation Guide


    

  ","
        
  
  Ubuntu Documentation Project

      ",0,"
        (目前无人评价)
    "
"

    Ubuntu 10.04 Lts Desktop Guide


    

  ","
        
  
  Ubuntu Documentation Project

      ",0,"
        (目前无人评价)
    "
"

    Ubuntu 10.04 Lts Server Guide


    

  ","
        
  
  Ubuntu Documentation Project

      ",0,"
        (目前无人评价)
    "
"

    Ubuntu 10.04 Lts Packaging Guide


    

  ","
        
  
  Ubuntu Documentation Project

      ",0,"
        (目前无人评价)
    "
"

    Ubuntu 10.10 Desktop Guide


    

  ","
        
  
  Ubuntu Documentation Project

      ",0,"
        (目前无人评价)
    "
"

    Ubuntu 10.10 Installation Guide


    

  ","
        
  
  Ubuntu Documentation Project

      ",0,"
        (目前无人评价)
    "
"

    Ubuntu 10.10 Server Guide


    

  ","
        
  
  Ubuntu Documentation Project

      ",0,"
        (目前无人评价)
    "
"

    Ubuntu 10.10 Packaging Guide


    

  ","
        
  
  Ubuntu Documentation Project

      ",0,"
        (目前无人评价)
    "
"

    Ubuntu 11.04 Installation Guide


    

  ","
        
  
  Ubuntu Documentation Project

      ",0,"
        (目前无人评价)
    "
"

    Ubuntu 11.04 Unity Desktop Guide


    

  ","
        
  
  Ubuntu Documentation Project

      ",0,"
        (目前无人评价)
    "
"

    Ubuntu 11.04 Server Guide


    

  ","
        
  
  Ubuntu Documentation Project

      ",0,"
        (目前无人评价)
    "
"

    Ubuntu 11.04 Classic Desktop Guide


    

  ","
        
  
  Ubuntu Documentation Project

      ",0,"
        (目前无人评价)
    "
"

    Ubuntu 11.04 Packaging Guide


    

  ","
        
  
  Ubuntu Documentation Project

      ",0,"
        (目前无人评价)
    "
"

    Ubuntu 11.04 Documentation


    

  ","
        
  
  Ubuntu Documentation Project

      ",0,"
        (目前无人评价)
    "
"

    Born on the Continent - Ubuntu


    
       : Ubuntu 
 : Ubuntu ","
        
  
  Matshe, Getrude

      ",0,"
        (目前无人评价)
    "
"

    Ubuntu


    

  ","
        
  
  Ngcoya, Mvuselelo

      ",0,"
        (目前无人评价)
    "
"

    Ubuntu


    

  ","
        
  
  Books, LLC; Books, LLC;

      ",0,"
        (目前无人评价)
    "
"

    Distribuciones Basadas En Ubuntu


    

  ","
        
  
  Source Wikipedia

      ",0,"
        (目前无人评价)
    "
"

    Ubuntu


    

  ","
        
  
  Fonte Wikipedia

      ",0,"
        (目前无人评价)
    "
"

    Ubuntu


    

  ","
        
  
  Source Wikipedia

      ",0,"
        (目前无人评价)
    "
"

    Distributivy Semye?stva Ubuntu


    

  ","
        
  
  Istochnik Wikipedia

      ",0,"
        (目前无人评价)
    "
"

    Ubuntu


    

  ","
        
  
  Source Wikipedia

      ",0,"
        (目前无人评价)
    "
"

    Ubuntu


    

  ","
        
  
  Dzherelo Wikipedia

      ",0,"
        (目前无人评价)
    "
"

    Ubuntu


    

  ","
        
  
  Istochnik Wikipedia

      ",0,"
        (目前无人评价)
    "
"

    Ubuntu


    

  ","
        
  
  Theatrefront / Playwrights Canada Press / 2011-3 / $ 19.15

      ",0,"
        (目前无人评价)
    "
"

    Ubuntu 12.04 Sever


    

  ","
        
  
  Petersen, Richard / 2012-6 / $ 47.46

      ",0,"
        (目前无人评价)
    "
"

    Ubuntu 11.04 Desktop


    

  ","
        
  
  Petersen, Richard / 2011-6 / $ 45.20

      ",0,"
        (目前无人评价)
    "
"

    Ubuntu 11.04 Server


    

  ","
        
  
  Petersen, Richard / 2011-4 / $ 45.20

      ",0,"
        (目前无人评价)
    "
"

    Ubuntu 11.10 Desktop


    

  ","
        
  
  Petersen, Richard / 2011-11 / $ 45.20

      ",0,"
        (目前无人评价)
    "
"

    Ubuntu and the Law


    

  ","
        
  
  Cornell, Drucilla; Muvangua, Nyoko; / 2012-4 / $ 107.35

      ",0,"
        (目前无人评价)
    "
"

    Ubuntu


    

  ","
        
  
  Books, Hephaestus / $ 30.23

      ",0,"
        (目前无人评价)
    "
"

    LinuxM化特^－Ubuntu娜腴T到精通


    

  ","
",0,"
        (目前无人评价)
    "
"

    UbuntubC必滠w精xBest


    

  ","
",0,"
        (目前无人评价)
    "
"

    LinuxM化特^-Ubuntu 8.04娜腴T到精通


    

  ","
",0,"
        (目前无人评价)
    "
"

    Ubuntu Linux入TキットD10.04


    

  ","
        
  
  小林 省⒋逄 信人 / 秀和システム / 2010-7 / JPY 2730

      ",0,"
        (目前无人评价)
    "
"

    Using Ubuntu Linux


    

  ","
        
  
  Rolfe, J.; Edney, A.

      ",0,"
        (目前无人评价)
    "
"

    A Practical Guide to Ubuntu Linux


    

  ","
        
  
  Mark G Sobell

      ",0,"
        (目前无人评价)
    "
"

    Ubuntu 8.04 Desktop Handbook


    

  ","
        
  
  Petersen, Richard / 2008-5 / $ 38.42

      ",0,"
        (目前无人评价)
    "
"

    Ubuntu 8 Server Administration and Reference


    

  ","
        
  
  Petersen, Richard / 2008-7 / $ 42.94

      ",0,"
        (目前无人评价)
    "
"

    Ubuntu 8 Linux Pocket Administrator


    

  ","
        
  
  Petersen, Richard / 2008-9 / $ 28.25

      ",0,"
        (目前无人评价)
    "
"

    Ubuntu 9.04 Desktop Handbook


    

  ","
        
  
  Petersen, Richard / 2009-5 / $ 42.94

      ",0,"
        (目前无人评价)
    "
"

    Ubuntu


    

  ","
        
  
  Livres Groupe

      ",0,"
        (目前无人评价)
    "
"

    Ubuntu 9.04


    

  ","
        
  
  Petersen, Richard / 2009-8 / $ 49.72

      ",0,"
        (目前无人评价)
    "
"

    Ubuntu 9.10 Server


    

  ","
        
  
  Petersen, Richard Leland / 2009-11 / $ 42.94

      ",0,"
        (目前无人评价)
    "
"

    Ubuntu 10.04 LTS Server


    

  ","
        
  
  Petersen, Richard / 2010-4 / $ 42.94

      ",0,"
        (目前无人评价)
    "
"

    Ubuntu


    

  ","
        
  
  Nelson, Bob / $ 16.89

      ",0,"
        (目前无人评价)
    "
"

    Ubuntu 10.10 Desktop Handbook


    

  ","
        
  
  Petersen, Richard / 2010-10 / $ 42.94

      ",0,"
        (目前无人评价)
    "
"

    Ubuntu 10.10 Server


    

  ","
        
  
  Petersen, Richard / 2010-10 / $ 42.94

      ",0,"
        (目前无人评价)
    "
"

    Ubuntu!


    

  ","
        
  
  Lundin, Stephen; Nelson, Bob; Hoffman, Dominic / 2010-3 / 174.00元

      ",0,"
        (目前无人评价)
    "
"

    Ubuntu Studio


    

  ","
        
  
  Giffard, Philippe Valentin

      ",0,"
        (目前无人评价)
    "
"

    Ubuntu 8.10 Desktop


    

  ","
        
  
  Richard L Petersen / surfing turtle press / 2008-11-16 / USD 36.00

      ",0,"
        (目前无人评价)
    "
"

    Ubuntu Certified Professional Study Guide (Exam LPI 199) (Book & CD Rom)


    

  ","
        
  
  Michael Jang / McGraw-Hill Osborne Media / 2008-08-05 / USD 49.99

      ",0,"
        (目前无人评价)
    "
"

    Das offizielle Ubuntu-Buch


    

  ","
        
  
  Benjamin M. Hill, Jono Bacon,、Corey Burger / Addison-Wesley, München / Dez. 2006 / EUR 39,95

      ",0,"
        (目前无人评价)
    "
"

    Ubuntu 7.10 Linux Unleashed (3rd Edition) (Unleashed)


    

  ","
        
  
  Andrew Hudson、Paul Hudson / Sams / 2008-01-07 / USD 49.99

      ",0,"
        (目前无人评价)
    "
"

    Ubuntu


    

  ","
        
  
  Clemons, Charlie / Protea Pub / 15

      ",0,"
        (目前无人评价)
    "
"

    Introducing Ubuntu


    

  ","
        
  
  Proffitt, Brian / Course Technology Ptr / 2007-6 / 237.00元

      ",0,"
        (目前无人评价)
    "
"

    Ubuntu Linux For Dummies


    

  ","
        
  
  Paul G. Sery / For Dummies / 2007-04-30 / USD 29.99

      ",0,"
        (目前无人评价)
    "
"

    El Libro oficial de Ubuntu/ The Official Book of Ubuntu (Spanish Edition)


    

  ","
        
  
  Jono Bacon、Benjamin Mako Hill、Corey Burger、Ivan Krstic、Jonathan Jesse / Anaya Multimedia / 2006-06-30 / USD 66.95

      ",0,"
        (目前无人评价)
    "
"

    Ubuntu 9.04 Server


    
       : Administration and Reference 
 : Administration and Reference ","
        
  
  Richard L Petersen / surfing turtle press / 2009-06-08 / USD 38.00

      ",0,"
        (目前无人评价)
    "
"

    Ubuntu 9.04 Desktop Guide


    

  ","
        
  
  Ubuntu Documentation Project / Fultus Corporation / 2009-08-05 / USD 23.99

      ",0,"
        (目前无人评价)
    "
"

    Ubuntu Server VTC Training CD


    

  ","
        
  
  Michael Jang / Virtual Training Company, Inc. / 2009-2-19 / USD 99.95

      ",0,"
        (目前无人评价)
    "
"

    El libro oficial de Ubuntu 2009/ The Official Book of Ubuntu 2009 (Spanish Edition)


    

  ","
        
  
  Benjamin Mako Hill、Corey Burger、Jonathan Jesse、Jono Bacon / Anaya Multimedia / 2009-01-05 / USD 68.95

      ",0,"
        (目前无人评价)
    "
"

    The Official Ubuntu Server Book


    

  ","
        
  
  Kyle Rankin、Benjamin Hill / Prentice Hall / 2009-7-27 / USD 39.99

      ",0,"
        (目前无人评价)
    "
"

    Ubuntu Hacks


    
       : Rough Cuts Version 
 : Rough Cuts Version ","
        
  
  Kyle Rankin / Oreilly & Associates Inc / 2006-06

      ",0,"
        (目前无人评价)
    "
"

    Ubuntu Netbooks


    
       : The Path to Low-Cost Computing 
 : The Path to Low-Cost Computing ","
        
  
  Sander van Vugt / Apress / 2009-09-01 / USD 24.99

      ",0,"
        (目前无人评价)
    "
"

    Ubuntu 9.10 Desktop Guide


    

  ","
        
  
  Ubuntu Documentation Project / Fultus Corporation / 2009-11-11 / USD 24.99

      ",0,"
        (目前无人评价)
    "
"

    Sundowner Ubuntu


    

  ","
        
  
  Bidulka, Anthony / 2007-11 / $ 18.02

      ",0,"
        (目前无人评价)
    "
"

    Ubuntu on a Dime


    

  ","
        
  
  Kelly, J. Floyd / 2009-6 / $ 28.24

      ",0,"
        (目前无人评价)
    "
"

    Ubuntu for Non-Geeks


    

  ","
        
  
  Grant, Rickford / 0.00 元

      ",0,"
        (目前无人评价)
    "
"

    Ubuntu


    

  ","
        
  
  Tutu, Desmond (FRW)/ Battle, Michael / 157.00元

      ",0,"
        (目前无人评价)
    "
"

    Ubuntu


    

  ","
        
  
  Tutu, Desmond (FRW)/ Battle, Michael / 25

      ",0,"
        (目前无人评价)
    "
"

    Ubuntu Linux Starter Kit


    

  ","
        
  
  Sams Publishing / 2009-12 / $ 45.19

      ",0,"
        (目前无人评价)
    "
"

    Ubuntu 8.10 Linux Bible


    

  ","
        
  
  Von Hagen, William / 2009-5 / $ 56.49

      ",0,"
        (目前无人评价)
    "
"

    The Human Person, African Ubuntu and the Dialogue of Civilisations


    

  ","
        
  
  Vervliet, Chris / 155.00 元

      ",0,"
        (目前无人评价)
    "
"

    Ubuntu Linux 100 Success Secrets, Tips, Tricks, Hints and Hacks Toolbox and Practical Guide


    

  ","
        
  
  Vaughn, Charles / 19.95

      ",0,"
        (目前无人评价)
    "
"

    The Official Ubuntu Server Book, Third Edition


    

  ","
        
  
  Kyle Rankin、Benjamin Mako Hill / 2013-7-25

      ",0,"
        (目前无人评价)
    "
"

    Linux Web Server Development: A Step-by-Step Guide for Ubuntu, Fedora, and other Linux Distributions


    

  ","
        
  
  Christos Karayiannis、Andrew Swartzbaugh / CreateSpace Independent Publishing Platform / 2015-6-2 / USD 13.09

      ",0,"
        (目前无人评价)
    "
"

    Ubuntu 15.04 Server with systemd: Administration and Reference


    

  ","
        
  
  Richard Petersen / surfing turtle press / 2015-5-9 / USD 42.00

      ",0,"
        (目前无人评价)
    "
"

    The Official Ubuntu Book (9th Edition)


    

  ","
        
  
  Matthew Helmke、Elizabeth K. Joseph、Jose Antonio Rey / Prentice Hall / 2016-7-30 / USD 24.28

      ",0,"
        (目前无人评价)
    "
"

    Ubuntu Unleashed 2017 Edition


    
       : Covering 16.10, 17.04, 17.10 
 : Covering 16.10, 17.04, 17.10 ","
        
  
  Matthew Helmke / Sams Publishing / 2016-10-29 / USD 54.99

      ",0,"
        (目前无人评价)
    "
"

    Ubuntu Unleashed 2014 Edition


    
       : Covering 13.10 and 14.04 
 : Covering 13.10 and 14.04 ","
        
  
  Helmke, Matthew / Sams

      ",0,"
        (目前无人评价)
    "
"

    Sundowner Ubuntu


    

  ","
        
  
  Bidulka, Anthony / Insomniac Press

      ",0,"
        (目前无人评价)
    "
"

    Ubuntu 12.10 Desktop


    

  ","
        
  
  Petersen, Richard / 2012-12 / $ 47.46

      ",0,"
        (目前无人评价)
    "
"

    Ubuntu 12.10 Server


    

  ","
        
  
  Petersen, Richard

      ",0,"
        (目前无人评价)
    "
"

    Ubuntu -Journal of Conflict Transformation Vol 1 Nos1-2 2012


    

  ","
        
  
  Uzodike, Ufo Okeke; Moolakkattu, John S.;

      ",0,"
        (目前无人评价)
    "
"

    快份pWUbuntu 11.04


    

  ","
        
  
  2011-7 / 180.00元

      ",0,"
        (目前无人评价)
    "
"

    Ubuntu for Android


    

  ","
        
  
  Jere, Wade Anastasia

      ",0,"
        (目前无人评价)
    "
"

    Behind the Screen with Ubuntu and Libreoffice


    

  ","
        
  
  Hayes, Steve

      ",0,"
        (目前无人评价)
    "
"

    List of Ubuntu Releases


    

  ","
        
  
  Russell, Jesse; Cohn, Ronald; / Book on Demand Ltd.

      ",0,"
        (目前无人评价)
    "
"

    Ubuntu LinuxW管手裕W路服铡①Y通安全一手搞定


    

  ","
        
  
  2011-7 / 168.00元

      ",0,"
        (目前无人评价)
    "
"

    Ubuntu Font Family


    

  ","
        
  
  Dee Kord, Erwin

      ",0,"
        (目前无人评价)
    "
"

    Ubuntu Software Center


    

  ","
        
  
  Reene, Jules

      ",0,"
        (目前无人评价)
    "
"

    Ubuntu Netbook Edition


    

  ","
        
  
  Modestus, Jamey Franciscus

      ",0,"
        (目前无人评价)
    "
"

    Ubuntu per tutti! Dall&#039;installazione all&#039;utilizzo della pi&ugrave; diffusa distribuzione Linux


    

  ","
        
  
  Riccardo Cavalieri

      ",0,"
        (目前无人评价)
    "
"

    Ubuntu Linux. Trucchi e segreti


    

  ","
        
  
  Kyle Rankin

      ",0,"
        (目前无人评价)
    "
"

    Ubuntu Linux


    

  ","
        
  
  Francisco Javier Carazo Gil

      ",0,"
        (目前无人评价)
    "
"

    Ubuntu Linux


    

  ","
        
  
  Manuel David Serrat Olmos

      ",0,"
        (目前无人评价)
    "
"

    Omg! Ubuntu!


    

  ","
        
  
  Donatienne Ruby, Christabel

      ",0,"
        (目前无人评价)
    "
"

    Linux Ubuntu per l&#039;uso desktop


    

  ","
        
  
  Alessandro Di Nicola

      ",0,"
        (目前无人评价)
    "
"

    In the Spirit of Ubuntu


    

  ","
        
  
  Caracciolo, Diane M.; Mungai, Anne M.;

      ",0,"
        (目前无人评价)
    "
"

    In the Spirit of Ubuntu


    

  ","
        
  
  Caracciolo, Diane M.; Mungai, Anne M.;

      ",0,"
        (目前无人评价)
    "
"

    Father Love


    
       : We Share 
 : We Share ","
        
  
  Ubuntu Ubuntu / HACHETTE AUSTRALIA / 2009-8 / AUD 14.99

      ",0,"
        (少于10人评价)
    "
"

    Reforming International Institutions


    

  ","
        
  
  UBUNTU Forum Secretariat (EDT) / 865.00 元

      ",0,"
        (目前无人评价)
    "
"

    Reforming International Institutions


    

  ","
        
  
  Secretariat, Ubuntu Forum

      ",0,"
        (目前无人评价)
    "
"

    Linux Bible 2010 Edition


    
       : Boot Up to Ubuntu, Fedora, KNOPPIX, Debian, openSUSE, and 13 Other Distributions 
 : Boot Up to Ubuntu, Fedora, KNOPPIX, Debian, openSUSE, and 13 Other Distributions ","
        
  
  Christopher Negus / Wiley / 2009-12-14 / USD 59.99

      ",0,"
        (少于10人评价)
    "
"

    Linux Bible 2007 Edition


    
       : Boot up Ubuntu, Fedora, KNOPPIX, Debian, SUSE, and 11 Other Distributions 
 : Boot up Ubuntu, Fedora, KNOPPIX, Debian, SUSE, and 11 Other Distributions ","
        
  
  Christopher Negus / Wiley / March 12, 2007 / 452.00元

      ",0,"
        (少于10人评价)
    "
"

    Unbreakable Sticks


    
       : Building & Leading Teams with Ubuntu: Sticks in a Bundle Can Not Be Broken 
 : Building & Leading Teams with Ubuntu: Sticks in a Bundle Can Not Be Broken ","
        
  
  Lorenzen, Dr Michael E.

      ",0,"
        (目前无人评价)
    "
"

    PowerPC Operating Systems


    
       : IBM AIX, Ubuntu, Mac OS X Leopard, Amigaos 4, Mac OS X Tiger, Windows NT 4.0, Otheros, Morphos,  
 : IBM AIX, Ubuntu, Mac OS X Leopard, Amigaos 4, Mac OS X Tiger, Windows NT 4.0, Otheros, Morphos,  ","
        
  
  Source Wikipedia / Books LLC, Wiki Series / 2011-8 / $ 15.98

      ",0,"
        (目前无人评价)
    "
"

    Live CD


    
       : Gnu Hurd, Knoppix, Ubuntu, List of Ubuntu Releases, Opensolaris, Minix 3, Kubuntu, Sidux, Biosla 
 : Gnu Hurd, Knoppix, Ubuntu, List of Ubuntu Releases, Opensolaris, Minix 3, Kubuntu, Sidux, Biosla ","
        
  
  Books, LLC; Books, LLC; / Books LLC

      ",0,"
        (目前无人评价)
    "
"

    LinuxM化特^


    
       : Ubuntu 9.04 娜腴T到精通 
 : Ubuntu 9.04 娜腴T到精通 ","
",0,"
        (目前无人评价)
    "
"

    LinuxM化特^


    
       : Ubuntu 11.04娜腴T到精通 
 : Ubuntu 11.04娜腴T到精通 ","
",0,"
        (少于10人评价)
    "
"

    Linux鹛^


    
       : Ubuntu架站完全攻略 
 : Ubuntu架站完全攻略 ","
",0,"
        (目前无人评价)
    "
"

    LinuxM化特^


    
       : Ubuntu 12.04 娜腴T到精通 
 : Ubuntu 12.04 娜腴T到精通 ","
",0,"
        (目前无人评价)
    "
"

    LinuxM化特^


    
       : Ubuntu 10.04娜腴T到精通 
 : Ubuntu 10.04娜腴T到精通 ","
",0,"
        (目前无人评价)
    "
"

    Reconciliation


    
       : The Ubuntu Theology of Desmond Tutu 
 : The Ubuntu Theology of Desmond Tutu ","
        
  
  Michael Jesse Battle / Pilgrim Press / 2009-07 / USD 24.00

      ",0,"
        (目前无人评价)
    "
"

    African Culture


    
       : Old World, Architecture of Madagascar, Architecture of Africa, Ritual Servitude, Traditional Afr 
 : Old World, Architecture of Madagascar, Architecture of Africa, Ritual Servitude, Traditional Afr ","
        
  
  Source Wikipedia、Books, LLC 编 / Books LLC, Wiki Series / 2011-8 / $ 22.59

      ",0,"
        (目前无人评价)
    "
"

    鸟哥的LINUX私房菜


    
       : 基础学习篇 
 : 基础学习篇 ","
        
  
  鸟哥 / 科学出版社 / 2005-6 / 42.00元

      ",8.6,"
        (328人评价)
    "
"

    Linux入门很简单


    

  ","
        
  
  刘金鹏 / 清华大学出版社 / 2012-5 / 39.00元

      ",8.5,"
        (94人评价)
    "
"

    Debian Linux系统配置与管理


    

  ","
        
  
  信息产业部软件与集成电路促进中心 / 电子工业 / 2006-2 / 39.00元

      ",7.3,"
        (50人评价)
    "
"

    The Debian System


    
       : Concepts and Techniques 
 : Concepts and Techniques ","
        
  
  Martin Krafft / No Starch Press / 2005-09-19 / USD 44.95

      ",0,"
        (少于10人评价)
    "
"

    LINUX设备驱动程序


    

  ","
        
  
  Alessandro Rubini / LISOLEG / 中国电力出版社 / 2000-04-01 / 59.00

      ",0,"
        (少于10人评价)
    "
"

    Linux管理与开发实用指南


    

  ","
        
  
  马广飞 / 电子工业出版社 / 2009-10 / 59.00元

      ",0,"
        (少于10人评价)
    "
"

    Linux应用与开发典型实例精讲


    

  ","
        
  
  2010-5 / 35.00元

      ",0,"
        (少于10人评价)
    "
"

    Linux从初学到精通


    

  ","
        
  
  电子工业出版社 / 2011-4 / 62.00元

      ",0,"
        (少于10人评价)
    "
"

    Ovid in English


    

  ","
        
  
  Ovid / Penguin Classics / 1999-2-1 / USD 14.95

      ",0,"
        (目前无人评价)
    "
"

    U.S. Supreme Court Transcript of Record Missouri, K & T R Co V. Evans


    

  ","
        
  
  U. S. Supreme Court

      ",0,"
        (目前无人评价)
    "
"

    Where's Papa?


    

  ","
        
  
  Henry, Nancy / 2008-2 / $ 28.19

      ",0,"
        (目前无人评价)
    "
